[
    {
        "id": 1,
        "title": "Therapiya",
        "icon": "flaticon-stethoscope",
        "image": "assets/img/home-1/300x240.jpg",
        "category": [
            1,
            2
        ],
        "gallery": [
            "assets/img/service-details/240x240.jpg",
            "assets/img/service-details/240x240-0.jpg",
            "assets/img/service-details/240x240-1.jpg"
        ],
        "servicedate": "July 30, 2022",
        "shorttext": "Lorem ipsum dolor sit amet consectetur adipisicing elit, sed do eiusmod Lorem ipsum dolor sit.",
        "htmltext": "<p> Lorem Ipsum is simply dummy text of the printing and typesetting industry. Lorem Ipsum has been the industry's standard dummy text ever since the 1500s, when an unknown printer took a galley of type and scrambled it to make a type specimen book. It has survived not only five centuries, but also the leap into electronic typesetting, remaining essentially unchanged. It was popularised in the 1960s with the release of Letraset sheets containing Lorem Ipsum passages, and more recently with desktop publishing software like Aldus PageMaker including versions of Lorem Ipsum</p><h5>Building technical floors for the future</h5><p> Lorem Ipsum is simply dummy text of the printing and typesetting industry. <a href='#'>Lorem Ipsum has been the industry's</a> standard dummy text ever since the 1500s, when an unknown printer took a galley of type and scrambled it to make a type specimen book.</p> <a href='../assets/img/service-details/800x400.jpg' class='gallery-thumb'> <img src='../assets/img/service-details/800x400.jpg' alt='post'> </a><h4>A cleansing hot shower or bath</h4><p> Lorem Ipsum is simply dummy text of the printing and typesetting industry. Lorem Ipsum has been the industry's standard dummy text ever since the 1500s, when an unknown printer took a galley of type and scrambled it to make a type specimen book. It has survived not only five centuries, but also the leap into electronic typesetting</p><hr><h4>Setting the mood with incense</h4><p> Lorem Ipsum is simply dummy text of the printing and typesetting industry. Lorem Ipsum has been the industry's standard dummy text ever since the 1500s, when an unknown printer took a galley of type and scrambled it to make a type specimen book. It has survived not only five centuries, but also the leap into electronic typesetting, remaining essentially unchanged. It was popularised in the 1960s with the release of Letraset sheets containing Lorem Ipsum passages, and more recently with desktop publishing software like Aldus PageMaker including versions of Lorem Ipsum.</p><h4>Perks provided</h4><div class='row'><div class='col-lg-6'><div class='sigma_info style-2'><div class='sigma_info-title'> <span class='sigma_info-icon bg-primary-light primary-color'> <i class='far fa-user is_flaticon'></i> </span><h5> <a href='#'>Discuss Forum</a></h5></div><div class='sigma_info-description'><p>It is a long established fact that a reader will be distracted by the readable.</p></div> <a href='#' class='btn-link primary-color'> Learn More <i class='far fa-angle-right'></i> </a></div></div><div class='col-lg-6'><div class='sigma_info style-2'><div class='sigma_info-title'> <span class='sigma_info-icon bg-primary-light primary-color'> <i class='far fa-user is_flaticon'></i> </span><h5> <a href='#'>Process System</a></h5></div><div class='sigma_info-description'><p>It is a long established fact that a reader will be distracted by the readable.</p></div> <a href='#' class='btn-link primary-color'> Learn More <i class='far fa-angle-right'></i> </a></div></div></div><p> Lorem Ipsum is simply dummy text of the printing and typesetting industry. Lorem Ipsum has been the industry's standard dummy text ever since the 1500s, when an unknown printer took a galley of type and scrambled it to make a type specimen book. It has survived not only five centuries, but also the leap into electronic typesetting, remaining essentially unchanged. It was popularised in the 1960s with the release</p><div class='row align-items-center'><div class='col-lg-6 mb-lg-30'><p> Lorem Ipsum is simply dummy text of the printing and typesetting industry. Lorem Ipsum has been the industry's standard dummy text ever since the 1500s, when an unknown printer took a galley of type and scrambled it to make a type</p><div class='row'><div class='col-lg-6 col-6'><h6>Ethics</h6><div class='sigma_progress round sm'> <span> <b class='counter'>83</b> <span class='primary-color'>%</span> </span><img src='../assets/img/service-details/svg_1.svg' alt='icon'> </div></div><div class='col-lg-6 col-6'><h6>Experience</h6><div class='sigma_progress round sm'> <span> <b class='counter'>83</b> <span class='primary-color'>%</span> </span> <img src='../assets/img/service-details/svg_1.svg' alt='icon'></div></div></div></div><div class='col-lg-6'> <img src='../assets/img/service-details/400x400.jpg' class='mb-0' alt='img'></div></div><hr><div class='row align-items-center'><div class='col-lg-5 mb-lg-30'> <img src='../assets/img/service-details/300x300.jpg' alt='details'></div><div class='col-lg-7'><p> Lorem Ipsum is simply dummy text of the printing and typesetting industry. Lorem Ipsum has been the industry's standard dummy text ever since the 1500s, when an unknown printer took a galley of type and scrambled it to make a type specimen book. It has survived not only five centuries, but also the leap into electronic typesetting, remaining essentially unchanged. It was popularised in the 1960s with the release of Letraset sheets containing Lorem Ipsum passages, and more recently with</p></div></div><p> Lorem Ipsum is simply dummy text of the printing and typesetting industry. Lorem Ipsum has been the industry's standard dummy text ever since the 1500s, when an unknown printer took a galley of type and scrambled it to make a type specimen book. It has survived not only five centuries, but also the leap into electronic typesetting, remaining essentially unchanged. It was popularised in the 1960s with the release of Letraset sheets containing Lorem Ipsum passages, and more recently with desktop publishing software like Aldus PageMaker including versions of Lorem Ipsum</p>"
    },
    {
        "id": 2,
        "title": "Dentistry",
        "icon": "flaticon-doctor-1",
        "image": "assets/img/home-1/300x240-0.jpg",
        "category": [
            3,
            4
        ],
        "gallery": [
            "assets/img/service-details/240x240.jpg",
            "assets/img/service-details/240x240-0.jpg",
            "assets/img/service-details/240x240-1.jpg"
        ],
        "servicedate": "July 30, 2022",
        "shorttext": "Lorem ipsum dolor sit amet consectetur adipisicing elit, sed do eiusmod Lorem ipsum dolor sit.",
        "htmltext": "<p> Lorem Ipsum is simply dummy text of the printing and typesetting industry. Lorem Ipsum has been the industry's standard dummy text ever since the 1500s, when an unknown printer took a galley of type and scrambled it to make a type specimen book. It has survived not only five centuries, but also the leap into electronic typesetting, remaining essentially unchanged. It was popularised in the 1960s with the release of Letraset sheets containing Lorem Ipsum passages, and more recently with desktop publishing software like Aldus PageMaker including versions of Lorem Ipsum</p><h5>Building technical floors for the future</h5><p> Lorem Ipsum is simply dummy text of the printing and typesetting industry. <a href='#'>Lorem Ipsum has been the industry's</a> standard dummy text ever since the 1500s, when an unknown printer took a galley of type and scrambled it to make a type specimen book.</p> <a href='../assets/img/service-details/800x400.jpg' class='gallery-thumb'> <img src='../assets/img/service-details/800x400.jpg' alt='post'> </a><h4>A cleansing hot shower or bath</h4><p> Lorem Ipsum is simply dummy text of the printing and typesetting industry. Lorem Ipsum has been the industry's standard dummy text ever since the 1500s, when an unknown printer took a galley of type and scrambled it to make a type specimen book. It has survived not only five centuries, but also the leap into electronic typesetting</p><hr><h4>Setting the mood with incense</h4><p> Lorem Ipsum is simply dummy text of the printing and typesetting industry. Lorem Ipsum has been the industry's standard dummy text ever since the 1500s, when an unknown printer took a galley of type and scrambled it to make a type specimen book. It has survived not only five centuries, but also the leap into electronic typesetting, remaining essentially unchanged. It was popularised in the 1960s with the release of Letraset sheets containing Lorem Ipsum passages, and more recently with desktop publishing software like Aldus PageMaker including versions of Lorem Ipsum.</p><h4>Perks provided</h4><div class='row'><div class='col-lg-6'><div class='sigma_info style-2'><div class='sigma_info-title'> <span class='sigma_info-icon bg-primary-light primary-color'> <i class='far fa-user is_flaticon'></i> </span><h5> <a href='#'>Discuss Forum</a></h5></div><div class='sigma_info-description'><p>It is a long established fact that a reader will be distracted by the readable.</p></div> <a href='#' class='btn-link primary-color'> Learn More <i class='far fa-angle-right'></i> </a></div></div><div class='col-lg-6'><div class='sigma_info style-2'><div class='sigma_info-title'> <span class='sigma_info-icon bg-primary-light primary-color'> <i class='far fa-user is_flaticon'></i> </span><h5> <a href='#'>Process System</a></h5></div><div class='sigma_info-description'><p>It is a long established fact that a reader will be distracted by the readable.</p></div> <a href='#' class='btn-link primary-color'> Learn More <i class='far fa-angle-right'></i> </a></div></div></div><p> Lorem Ipsum is simply dummy text of the printing and typesetting industry. Lorem Ipsum has been the industry's standard dummy text ever since the 1500s, when an unknown printer took a galley of type and scrambled it to make a type specimen book. It has survived not only five centuries, but also the leap into electronic typesetting, remaining essentially unchanged. It was popularised in the 1960s with the release</p><div class='row align-items-center'><div class='col-lg-6 mb-lg-30'><p> Lorem Ipsum is simply dummy text of the printing and typesetting industry. Lorem Ipsum has been the industry's standard dummy text ever since the 1500s, when an unknown printer took a galley of type and scrambled it to make a type</p><div class='row'><div class='col-lg-6 col-6'><h6>Ethics</h6><div class='sigma_progress round sm'> <span> <b class='counter'>83</b> <span class='primary-color'>%</span> </span> <img src='../assets/img/service-details/svg_1.svg' alt='icon'></div></div><div class='col-lg-6 col-6'><h6>Experience</h6><div class='sigma_progress round sm'> <span> <b class='counter'>83</b> <span class='primary-color'>%</span> </span> <img src='../assets/img/service-details/svg_1.svg' alt='icon'></div></div></div></div><div class='col-lg-6'> <img src='../assets/img/service-details/400x400.jpg' class='mb-0' alt='img'></div></div><hr><div class='row align-items-center'><div class='col-lg-5 mb-lg-30'> <img src='../assets/img/service-details/300x300.jpg' alt='details'></div><div class='col-lg-7'><p> Lorem Ipsum is simply dummy text of the printing and typesetting industry. Lorem Ipsum has been the industry's standard dummy text ever since the 1500s, when an unknown printer took a galley of type and scrambled it to make a type specimen book. It has survived not only five centuries, but also the leap into electronic typesetting, remaining essentially unchanged. It was popularised in the 1960s with the release of Letraset sheets containing Lorem Ipsum passages, and more recently with</p></div></div><p> Lorem Ipsum is simply dummy text of the printing and typesetting industry. Lorem Ipsum has been the industry's standard dummy text ever since the 1500s, when an unknown printer took a galley of type and scrambled it to make a type specimen book. It has survived not only five centuries, but also the leap into electronic typesetting, remaining essentially unchanged. It was popularised in the 1960s with the release of Letraset sheets containing Lorem Ipsum passages, and more recently with desktop publishing software like Aldus PageMaker including versions of Lorem Ipsum</p>"
    },
    {
        "id": 3,
        "title": "Virusology",
        "icon": "flaticon-heartbeat",
        "image": "assets/img/home-1/300x240-1.jpg",
        "category": [
            1,
            5
        ],
        "gallery": [
            "assets/img/service-details/240x240.jpg",
            "assets/img/service-details/240x240-0.jpg",
            "assets/img/service-details/240x240-1.jpg"
        ],
        "servicedate": "July 30, 2022",
        "shorttext": "Lorem ipsum dolor sit amet consectetur adipisicing elit, sed do eiusmod Lorem ipsum dolor sit.",
        "htmltext": "<p> Lorem Ipsum is simply dummy text of the printing and typesetting industry. Lorem Ipsum has been the industry's standard dummy text ever since the 1500s, when an unknown printer took a galley of type and scrambled it to make a type specimen book. It has survived not only five centuries, but also the leap into electronic typesetting, remaining essentially unchanged. It was popularised in the 1960s with the release of Letraset sheets containing Lorem Ipsum passages, and more recently with desktop publishing software like Aldus PageMaker including versions of Lorem Ipsum</p><h5>Building technical floors for the future</h5><p> Lorem Ipsum is simply dummy text of the printing and typesetting industry. <a href='#'>Lorem Ipsum has been the industry's</a> standard dummy text ever since the 1500s, when an unknown printer took a galley of type and scrambled it to make a type specimen book.</p> <a href='../assets/img/service-details/800x400.jpg' class='gallery-thumb'> <img src='../assets/img/service-details/800x400.jpg' alt='post'> </a><h4>A cleansing hot shower or bath</h4><p> Lorem Ipsum is simply dummy text of the printing and typesetting industry. Lorem Ipsum has been the industry's standard dummy text ever since the 1500s, when an unknown printer took a galley of type and scrambled it to make a type specimen book. It has survived not only five centuries, but also the leap into electronic typesetting</p><hr><h4>Setting the mood with incense</h4><p> Lorem Ipsum is simply dummy text of the printing and typesetting industry. Lorem Ipsum has been the industry's standard dummy text ever since the 1500s, when an unknown printer took a galley of type and scrambled it to make a type specimen book. It has survived not only five centuries, but also the leap into electronic typesetting, remaining essentially unchanged. It was popularised in the 1960s with the release of Letraset sheets containing Lorem Ipsum passages, and more recently with desktop publishing software like Aldus PageMaker including versions of Lorem Ipsum.</p><h4>Perks provided</h4><div class='row'><div class='col-lg-6'><div class='sigma_info style-2'><div class='sigma_info-title'> <span class='sigma_info-icon bg-primary-light primary-color'> <i class='far fa-user is_flaticon'></i> </span><h5> <a href='#'>Discuss Forum</a></h5></div><div class='sigma_info-description'><p>It is a long established fact that a reader will be distracted by the readable.</p></div> <a href='#' class='btn-link primary-color'> Learn More <i class='far fa-angle-right'></i> </a></div></div><div class='col-lg-6'><div class='sigma_info style-2'><div class='sigma_info-title'> <span class='sigma_info-icon bg-primary-light primary-color'> <i class='far fa-user is_flaticon'></i> </span><h5> <a href='#'>Process System</a></h5></div><div class='sigma_info-description'><p>It is a long established fact that a reader will be distracted by the readable.</p></div> <a href='#' class='btn-link primary-color'> Learn More <i class='far fa-angle-right'></i> </a></div></div></div><p> Lorem Ipsum is simply dummy text of the printing and typesetting industry. Lorem Ipsum has been the industry's standard dummy text ever since the 1500s, when an unknown printer took a galley of type and scrambled it to make a type specimen book. It has survived not only five centuries, but also the leap into electronic typesetting, remaining essentially unchanged. It was popularised in the 1960s with the release</p><div class='row align-items-center'><div class='col-lg-6 mb-lg-30'><p> Lorem Ipsum is simply dummy text of the printing and typesetting industry. Lorem Ipsum has been the industry's standard dummy text ever since the 1500s, when an unknown printer took a galley of type and scrambled it to make a type</p><div class='row'><div class='col-lg-6 col-6'><h6>Ethics</h6><div class='sigma_progress round sm'> <span> <b class='counter'>83</b> <span class='primary-color'>%</span> </span> <img src='../assets/img/service-details/svg_1.svg' alt='icon'></div></div><div class='col-lg-6 col-6'><h6>Experience</h6><div class='sigma_progress round sm'> <span> <b class='counter'>83</b> <span class='primary-color'>%</span> </span> <img src='../assets/img/service-details/svg_1.svg' alt='icon'></div></div></div></div><div class='col-lg-6'> <img src='../assets/img/service-details/400x400.jpg' class='mb-0' alt='img'></div></div><hr><div class='row align-items-center'><div class='col-lg-5 mb-lg-30'> <img src='../assets/img/service-details/300x300.jpg' alt='details'></div><div class='col-lg-7'><p> Lorem Ipsum is simply dummy text of the printing and typesetting industry. Lorem Ipsum has been the industry's standard dummy text ever since the 1500s, when an unknown printer took a galley of type and scrambled it to make a type specimen book. It has survived not only five centuries, but also the leap into electronic typesetting, remaining essentially unchanged. It was popularised in the 1960s with the release of Letraset sheets containing Lorem Ipsum passages, and more recently with</p></div></div><p> Lorem Ipsum is simply dummy text of the printing and typesetting industry. Lorem Ipsum has been the industry's standard dummy text ever since the 1500s, when an unknown printer took a galley of type and scrambled it to make a type specimen book. It has survived not only five centuries, but also the leap into electronic typesetting, remaining essentially unchanged. It was popularised in the 1960s with the release of Letraset sheets containing Lorem Ipsum passages, and more recently with desktop publishing software like Aldus PageMaker including versions of Lorem Ipsum</p>"
    },
    {
        "id": 4,
        "title": "Pharmocology",
        "icon": "flaticon-medical-record",
        "image": "assets/img/home-1/300x240-2.jpg",
        "category": [
            2,
            3
        ],
        "gallery": [
            "assets/img/service-details/240x240.jpg",
            "assets/img/service-details/240x240-0.jpg",
            "assets/img/service-details/240x240-1.jpg"
        ],
        "servicedate": "July 30, 2022",
        "shorttext": "Lorem ipsum dolor sit amet consectetur adipisicing elit, sed do eiusmod Lorem ipsum dolor sit.",
        "htmltext": "<p> Lorem Ipsum is simply dummy text of the printing and typesetting industry. Lorem Ipsum has been the industry's standard dummy text ever since the 1500s, when an unknown printer took a galley of type and scrambled it to make a type specimen book. It has survived not only five centuries, but also the leap into electronic typesetting, remaining essentially unchanged. It was popularised in the 1960s with the release of Letraset sheets containing Lorem Ipsum passages, and more recently with desktop publishing software like Aldus PageMaker including versions of Lorem Ipsum</p><h5>Building technical floors for the future</h5><p> Lorem Ipsum is simply dummy text of the printing and typesetting industry. <a href='#'>Lorem Ipsum has been the industry's</a> standard dummy text ever since the 1500s, when an unknown printer took a galley of type and scrambled it to make a type specimen book.</p> <a href='../assets/img/service-details/800x400.jpg' class='gallery-thumb'> <img src='../assets/img/service-details/800x400.jpg' alt='post'> </a><h4>A cleansing hot shower or bath</h4><p> Lorem Ipsum is simply dummy text of the printing and typesetting industry. Lorem Ipsum has been the industry's standard dummy text ever since the 1500s, when an unknown printer took a galley of type and scrambled it to make a type specimen book. It has survived not only five centuries, but also the leap into electronic typesetting</p><hr><h4>Setting the mood with incense</h4><p> Lorem Ipsum is simply dummy text of the printing and typesetting industry. Lorem Ipsum has been the industry's standard dummy text ever since the 1500s, when an unknown printer took a galley of type and scrambled it to make a type specimen book. It has survived not only five centuries, but also the leap into electronic typesetting, remaining essentially unchanged. It was popularised in the 1960s with the release of Letraset sheets containing Lorem Ipsum passages, and more recently with desktop publishing software like Aldus PageMaker including versions of Lorem Ipsum.</p><h4>Perks provided</h4><div class='row'><div class='col-lg-6'><div class='sigma_info style-2'><div class='sigma_info-title'> <span class='sigma_info-icon bg-primary-light primary-color'> <i class='far fa-user is_flaticon'></i> </span><h5> <a href='#'>Discuss Forum</a></h5></div><div class='sigma_info-description'><p>It is a long established fact that a reader will be distracted by the readable.</p></div> <a href='#' class='btn-link primary-color'> Learn More <i class='far fa-angle-right'></i> </a></div></div><div class='col-lg-6'><div class='sigma_info style-2'><div class='sigma_info-title'> <span class='sigma_info-icon bg-primary-light primary-color'> <i class='far fa-user is_flaticon'></i> </span><h5> <a href='#'>Process System</a></h5></div><div class='sigma_info-description'><p>It is a long established fact that a reader will be distracted by the readable.</p></div> <a href='#' class='btn-link primary-color'> Learn More <i class='far fa-angle-right'></i> </a></div></div></div><p> Lorem Ipsum is simply dummy text of the printing and typesetting industry. Lorem Ipsum has been the industry's standard dummy text ever since the 1500s, when an unknown printer took a galley of type and scrambled it to make a type specimen book. It has survived not only five centuries, but also the leap into electronic typesetting, remaining essentially unchanged. It was popularised in the 1960s with the release</p><div class='row align-items-center'><div class='col-lg-6 mb-lg-30'><p> Lorem Ipsum is simply dummy text of the printing and typesetting industry. Lorem Ipsum has been the industry's standard dummy text ever since the 1500s, when an unknown printer took a galley of type and scrambled it to make a type</p><div class='row'><div class='col-lg-6 col-6'><h6>Ethics</h6><div class='sigma_progress round sm'> <span> <b class='counter'>83</b> <span class='primary-color'>%</span> </span> <img src='../assets/img/service-details/svg_1.svg' alt='icon'></div></div><div class='col-lg-6 col-6'><h6>Experience</h6><div class='sigma_progress round sm'> <span> <b class='counter'>83</b> <span class='primary-color'>%</span> </span> <img src='../assets/img/service-details/svg_1.svg' alt='icon'></div></div></div></div><div class='col-lg-6'> <img src='../assets/img/service-details/400x400.jpg' class='mb-0' alt='img'></div></div><hr><div class='row align-items-center'><div class='col-lg-5 mb-lg-30'> <img src='../assets/img/service-details/300x300.jpg' alt='details'></div><div class='col-lg-7'><p> Lorem Ipsum is simply dummy text of the printing and typesetting industry. Lorem Ipsum has been the industry's standard dummy text ever since the 1500s, when an unknown printer took a galley of type and scrambled it to make a type specimen book. It has survived not only five centuries, but also the leap into electronic typesetting, remaining essentially unchanged. It was popularised in the 1960s with the release of Letraset sheets containing Lorem Ipsum passages, and more recently with</p></div></div><p> Lorem Ipsum is simply dummy text of the printing and typesetting industry. Lorem Ipsum has been the industry's standard dummy text ever since the 1500s, when an unknown printer took a galley of type and scrambled it to make a type specimen book. It has survived not only five centuries, but also the leap into electronic typesetting, remaining essentially unchanged. It was popularised in the 1960s with the release of Letraset sheets containing Lorem Ipsum passages, and more recently with desktop publishing software like Aldus PageMaker including versions of Lorem Ipsum</p>"
    },
    {
        "id": 5,
        "title": "Cardiology",
        "icon": "flaticon-pharmacy",
        "image": "assets/img/home-1/300x240-3.jpg",
        "category": [
            4,
            5
        ],
        "gallery": [
            "assets/img/service-details/240x240.jpg",
            "assets/img/service-details/240x240-0.jpg",
            "assets/img/service-details/240x240-1.jpg"
        ],
        "servicedate": "July 30, 2022",
        "shorttext": "Lorem ipsum dolor sit amet consectetur adipisicing elit, sed do eiusmod Lorem ipsum dolor sit.",
        "htmltext": "<p> Lorem Ipsum is simply dummy text of the printing and typesetting industry. Lorem Ipsum has been the industry's standard dummy text ever since the 1500s, when an unknown printer took a galley of type and scrambled it to make a type specimen book. It has survived not only five centuries, but also the leap into electronic typesetting, remaining essentially unchanged. It was popularised in the 1960s with the release of Letraset sheets containing Lorem Ipsum passages, and more recently with desktop publishing software like Aldus PageMaker including versions of Lorem Ipsum</p><h5>Building technical floors for the future</h5><p> Lorem Ipsum is simply dummy text of the printing and typesetting industry. <a href='#'>Lorem Ipsum has been the industry's</a> standard dummy text ever since the 1500s, when an unknown printer took a galley of type and scrambled it to make a type specimen book.</p> <a href='../assets/img/service-details/800x400.jpg' class='gallery-thumb'> <img src='../assets/img/service-details/800x400.jpg' alt='post'> </a><h4>A cleansing hot shower or bath</h4><p> Lorem Ipsum is simply dummy text of the printing and typesetting industry. Lorem Ipsum has been the industry's standard dummy text ever since the 1500s, when an unknown printer took a galley of type and scrambled it to make a type specimen book. It has survived not only five centuries, but also the leap into electronic typesetting</p><hr><h4>Setting the mood with incense</h4><p> Lorem Ipsum is simply dummy text of the printing and typesetting industry. Lorem Ipsum has been the industry's standard dummy text ever since the 1500s, when an unknown printer took a galley of type and scrambled it to make a type specimen book. It has survived not only five centuries, but also the leap into electronic typesetting, remaining essentially unchanged. It was popularised in the 1960s with the release of Letraset sheets containing Lorem Ipsum passages, and more recently with desktop publishing software like Aldus PageMaker including versions of Lorem Ipsum.</p><h4>Perks provided</h4><div class='row'><div class='col-lg-6'><div class='sigma_info style-2'><div class='sigma_info-title'> <span class='sigma_info-icon bg-primary-light primary-color'> <i class='far fa-user is_flaticon'></i> </span><h5> <a href='#'>Discuss Forum</a></h5></div><div class='sigma_info-description'><p>It is a long established fact that a reader will be distracted by the readable.</p></div> <a href='#' class='btn-link primary-color'> Learn More <i class='far fa-angle-right'></i> </a></div></div><div class='col-lg-6'><div class='sigma_info style-2'><div class='sigma_info-title'> <span class='sigma_info-icon bg-primary-light primary-color'> <i class='far fa-user is_flaticon'></i> </span><h5> <a href='#'>Process System</a></h5></div><div class='sigma_info-description'><p>It is a long established fact that a reader will be distracted by the readable.</p></div> <a href='#' class='btn-link primary-color'> Learn More <i class='far fa-angle-right'></i> </a></div></div></div><p> Lorem Ipsum is simply dummy text of the printing and typesetting industry. Lorem Ipsum has been the industry's standard dummy text ever since the 1500s, when an unknown printer took a galley of type and scrambled it to make a type specimen book. It has survived not only five centuries, but also the leap into electronic typesetting, remaining essentially unchanged. It was popularised in the 1960s with the release</p><div class='row align-items-center'><div class='col-lg-6 mb-lg-30'><p> Lorem Ipsum is simply dummy text of the printing and typesetting industry. Lorem Ipsum has been the industry's standard dummy text ever since the 1500s, when an unknown printer took a galley of type and scrambled it to make a type</p><div class='row'><div class='col-lg-6 col-6'><h6>Ethics</h6><div class='sigma_progress round sm'> <span> <b class='counter'>83</b> <span class='primary-color'>%</span> </span> <img src='../assets/img/service-details/svg_1.svg' alt='icon'></div></div><div class='col-lg-6 col-6'><h6>Experience</h6><div class='sigma_progress round sm'> <span> <b class='counter'>83</b> <span class='primary-color'>%</span> </span> <img src='../assets/img/service-details/svg_1.svg' alt='icon'></div></div></div></div><div class='col-lg-6'> <img src='../assets/img/service-details/400x400.jpg' class='mb-0' alt='img'></div></div><hr><div class='row align-items-center'><div class='col-lg-5 mb-lg-30'> <img src='../assets/img/service-details/300x300.jpg' alt='details'></div><div class='col-lg-7'><p> Lorem Ipsum is simply dummy text of the printing and typesetting industry. Lorem Ipsum has been the industry's standard dummy text ever since the 1500s, when an unknown printer took a galley of type and scrambled it to make a type specimen book. It has survived not only five centuries, but also the leap into electronic typesetting, remaining essentially unchanged. It was popularised in the 1960s with the release of Letraset sheets containing Lorem Ipsum passages, and more recently with</p></div></div><p> Lorem Ipsum is simply dummy text of the printing and typesetting industry. Lorem Ipsum has been the industry's standard dummy text ever since the 1500s, when an unknown printer took a galley of type and scrambled it to make a type specimen book. It has survived not only five centuries, but also the leap into electronic typesetting, remaining essentially unchanged. It was popularised in the 1960s with the release of Letraset sheets containing Lorem Ipsum passages, and more recently with desktop publishing software like Aldus PageMaker including versions of Lorem Ipsum</p>"
    },
    {
        "id": 6,
        "title": "Researches",
        "icon": "flaticon-pills",
        "image": "assets/img/home-1/300x240-4.jpg",
        "category": [
            1,
            2
        ],
        "gallery": [
            "assets/img/service-details/240x240.jpg",
            "assets/img/service-details/240x240-0.jpg",
            "assets/img/service-details/240x240-1.jpg"
        ],
        "servicedate": "July 30, 2022",
        "shorttext": "Lorem ipsum dolor sit amet consectetur adipisicing elit, sed do eiusmod Lorem ipsum dolor sit.",
        "htmltext": "<p> Lorem Ipsum is simply dummy text of the printing and typesetting industry. Lorem Ipsum has been the industry's standard dummy text ever since the 1500s, when an unknown printer took a galley of type and scrambled it to make a type specimen book. It has survived not only five centuries, but also the leap into electronic typesetting, remaining essentially unchanged. It was popularised in the 1960s with the release of Letraset sheets containing Lorem Ipsum passages, and more recently with desktop publishing software like Aldus PageMaker including versions of Lorem Ipsum</p><h5>Building technical floors for the future</h5><p> Lorem Ipsum is simply dummy text of the printing and typesetting industry. <a href='#'>Lorem Ipsum has been the industry's</a> standard dummy text ever since the 1500s, when an unknown printer took a galley of type and scrambled it to make a type specimen book.</p> <a href='../assets/img/service-details/800x400.jpg' class='gallery-thumb'> <img src='../assets/img/service-details/800x400.jpg' alt='post'> </a><h4>A cleansing hot shower or bath</h4><p> Lorem Ipsum is simply dummy text of the printing and typesetting industry. Lorem Ipsum has been the industry's standard dummy text ever since the 1500s, when an unknown printer took a galley of type and scrambled it to make a type specimen book. It has survived not only five centuries, but also the leap into electronic typesetting</p><hr><h4>Setting the mood with incense</h4><p> Lorem Ipsum is simply dummy text of the printing and typesetting industry. Lorem Ipsum has been the industry's standard dummy text ever since the 1500s, when an unknown printer took a galley of type and scrambled it to make a type specimen book. It has survived not only five centuries, but also the leap into electronic typesetting, remaining essentially unchanged. It was popularised in the 1960s with the release of Letraset sheets containing Lorem Ipsum passages, and more recently with desktop publishing software like Aldus PageMaker including versions of Lorem Ipsum.</p><h4>Perks provided</h4><div class='row'><div class='col-lg-6'><div class='sigma_info style-2'><div class='sigma_info-title'> <span class='sigma_info-icon bg-primary-light primary-color'> <i class='far fa-user is_flaticon'></i> </span><h5> <a href='#'>Discuss Forum</a></h5></div><div class='sigma_info-description'><p>It is a long established fact that a reader will be distracted by the readable.</p></div> <a href='#' class='btn-link primary-color'> Learn More <i class='far fa-angle-right'></i> </a></div></div><div class='col-lg-6'><div class='sigma_info style-2'><div class='sigma_info-title'> <span class='sigma_info-icon bg-primary-light primary-color'> <i class='far fa-user is_flaticon'></i> </span><h5> <a href='#'>Process System</a></h5></div><div class='sigma_info-description'><p>It is a long established fact that a reader will be distracted by the readable.</p></div> <a href='#' class='btn-link primary-color'> Learn More <i class='far fa-angle-right'></i> </a></div></div></div><p> Lorem Ipsum is simply dummy text of the printing and typesetting industry. Lorem Ipsum has been the industry's standard dummy text ever since the 1500s, when an unknown printer took a galley of type and scrambled it to make a type specimen book. It has survived not only five centuries, but also the leap into electronic typesetting, remaining essentially unchanged. It was popularised in the 1960s with the release</p><div class='row align-items-center'><div class='col-lg-6 mb-lg-30'><p> Lorem Ipsum is simply dummy text of the printing and typesetting industry. Lorem Ipsum has been the industry's standard dummy text ever since the 1500s, when an unknown printer took a galley of type and scrambled it to make a type</p><div class='row'><div class='col-lg-6 col-6'><h6>Ethics</h6><div class='sigma_progress round sm'> <span> <b class='counter'>83</b> <span class='primary-color'>%</span> </span> <img src='../assets/img/service-details/svg_1.svg' alt='icon'></div></div><div class='col-lg-6 col-6'><h6>Experience</h6><div class='sigma_progress round sm'> <span> <b class='counter'>83</b> <span class='primary-color'>%</span> </span> <img src='../assets/img/service-details/svg_1.svg' alt='icon'></div></div></div></div><div class='col-lg-6'> <img src='../assets/img/service-details/400x400.jpg' class='mb-0' alt='img'></div></div><hr><div class='row align-items-center'><div class='col-lg-5 mb-lg-30'> <img src='../assets/img/service-details/300x300.jpg' alt='details'></div><div class='col-lg-7'><p> Lorem Ipsum is simply dummy text of the printing and typesetting industry. Lorem Ipsum has been the industry's standard dummy text ever since the 1500s, when an unknown printer took a galley of type and scrambled it to make a type specimen book. It has survived not only five centuries, but also the leap into electronic typesetting, remaining essentially unchanged. It was popularised in the 1960s with the release of Letraset sheets containing Lorem Ipsum passages, and more recently with</p></div></div><p> Lorem Ipsum is simply dummy text of the printing and typesetting industry. Lorem Ipsum has been the industry's standard dummy text ever since the 1500s, when an unknown printer took a galley of type and scrambled it to make a type specimen book. It has survived not only five centuries, but also the leap into electronic typesetting, remaining essentially unchanged. It was popularised in the 1960s with the release of Letraset sheets containing Lorem Ipsum passages, and more recently with desktop publishing software like Aldus PageMaker including versions of Lorem Ipsum</p>"
    }
]