[
    {
        "id":1,
        "title":"Payments",
        "items":[
            {
                "title":"Can i make an Appointment Online with White Plains Hospital Kendi?",
                "text":"Anim pariatur cliche reprehenderit, enim eiusmod high life accusamus terry richardson ad squid. 3 wolf moon officia aute, non cupidatat skateboard dolor brunch."
            },
            {
                "title":"Does White Plains Hospital Kendi Offer Telehealth ?",
                "text":"Anim pariatur cliche reprehenderit, enim eiusmod high life accusamus terry richardson ad squid. 3 wolf moon officia aute, non cupidatat skateboard dolor brunch."
            },
            {
                "title":"Can I make an appointment online with White Plains Hospital Kendi?",
                "text":"Anim pariatur cliche reprehenderit, enim eiusmod high life accusamus terry richardson ad squid. 3 wolf moon officia aute, non cupidatat skateboard dolor brunch."
            },
            {
                "title":"White Plains Hospital Kendiaccepts insurance",
                "text":"Anim pariatur cliche reprehenderit, enim eiusmod high life accusamus terry richardson ad squid. 3 wolf moon officia aute, non cupidatat skateboard dolor brunch."
            },
            {
                "title":"Where is White Plains Hospital Kendi'soffice located?",
                "text":"Anim pariatur cliche reprehenderit, enim eiusmod high life accusamus terry richardson ad squid. 3 wolf moon officia aute, non cupidatat skateboard dolor brunch."
            }
        ]
    },
    {
        "id":2,
        "title":"Booking",
        "items":[
            {
                "title":"Can i make an Appointment Online with White Plains Hospital Kendi?",
                "text":"Anim pariatur cliche reprehenderit, enim eiusmod high life accusamus terry richardson ad squid. 3 wolf moon officia aute, non cupidatat skateboard dolor brunch."
            },
            {
                "title":"Does White Plains Hospital Kendi Offer Telehealth ?",
                "text":"Anim pariatur cliche reprehenderit, enim eiusmod high life accusamus terry richardson ad squid. 3 wolf moon officia aute, non cupidatat skateboard dolor brunch."
            },
            {
                "title":"Can I make an appointment online with White Plains Hospital Kendi?",
                "text":"Anim pariatur cliche reprehenderit, enim eiusmod high life accusamus terry richardson ad squid. 3 wolf moon officia aute, non cupidatat skateboard dolor brunch."
            },
            {
                "title":"White Plains Hospital Kendiaccepts insurance",
                "text":"Anim pariatur cliche reprehenderit, enim eiusmod high life accusamus terry richardson ad squid. 3 wolf moon officia aute, non cupidatat skateboard dolor brunch."
            },
            {
                "title":"Where is White Plains Hospital Kendi'soffice located?",
                "text":"Anim pariatur cliche reprehenderit, enim eiusmod high life accusamus terry richardson ad squid. 3 wolf moon officia aute, non cupidatat skateboard dolor brunch."
            }
        ]
    },
    {
        "id":3,
        "title":"Mattis urna sit",
        "items":[
            {
                "title":"Can i make an Appointment Online with White Plains Hospital Kendi?",
                "text":"Anim pariatur cliche reprehenderit, enim eiusmod high life accusamus terry richardson ad squid. 3 wolf moon officia aute, non cupidatat skateboard dolor brunch."
            },
            {
                "title":"Does White Plains Hospital Kendi Offer Telehealth ?",
                "text":"Anim pariatur cliche reprehenderit, enim eiusmod high life accusamus terry richardson ad squid. 3 wolf moon officia aute, non cupidatat skateboard dolor brunch."
            },
            {
                "title":"Can I make an appointment online with White Plains Hospital Kendi?",
                "text":"Anim pariatur cliche reprehenderit, enim eiusmod high life accusamus terry richardson ad squid. 3 wolf moon officia aute, non cupidatat skateboard dolor brunch."
            },
            {
                "title":"White Plains Hospital Kendiaccepts insurance",
                "text":"Anim pariatur cliche reprehenderit, enim eiusmod high life accusamus terry richardson ad squid. 3 wolf moon officia aute, non cupidatat skateboard dolor brunch."
            },
            {
                "title":"Where is White Plains Hospital Kendi'soffice located?",
                "text":"Anim pariatur cliche reprehenderit, enim eiusmod high life accusamus terry richardson ad squid. 3 wolf moon officia aute, non cupidatat skateboard dolor brunch."
            },
            {
                "title":"Can i make an Appointment Online with White Plains Hospital Kendi?",
                "text":"Anim pariatur cliche reprehenderit, enim eiusmod high life accusamus terry richardson ad squid. 3 wolf moon officia aute, non cupidatat skateboard dolor brunch."
            },
            {
                "title":"Does White Plains Hospital Kendi Offer Telehealth ?",
                "text":"Anim pariatur cliche reprehenderit, enim eiusmod high life accusamus terry richardson ad squid. 3 wolf moon officia aute, non cupidatat skateboard dolor brunch."
            },
            {
                "title":"Can I make an appointment online with White Plains Hospital Kendi?",
                "text":"Anim pariatur cliche reprehenderit, enim eiusmod high life accusamus terry richardson ad squid. 3 wolf moon officia aute, non cupidatat skateboard dolor brunch."
            },
            {
                "title":"White Plains Hospital Kendiaccepts insurance",
                "text":"Anim pariatur cliche reprehenderit, enim eiusmod high life accusamus terry richardson ad squid. 3 wolf moon officia aute, non cupidatat skateboard dolor brunch."
            }
        ]
    },
    {
        "id":4,
        "title":"Molestie vel augue",
        "items":[
            {
                "title":"Can i make an Appointment Online with White Plains Hospital Kendi?",
                "text":"Anim pariatur cliche reprehenderit, enim eiusmod high life accusamus terry richardson ad squid. 3 wolf moon officia aute, non cupidatat skateboard dolor brunch."
            },
            {
                "title":"Does White Plains Hospital Kendi Offer Telehealth ?",
                "text":"Anim pariatur cliche reprehenderit, enim eiusmod high life accusamus terry richardson ad squid. 3 wolf moon officia aute, non cupidatat skateboard dolor brunch."
            }
        ]
    },
    {
        "id":5,
        "title":"Eros odio",
        "items":[
            {
                "title":"Can i make an Appointment Online with White Plains Hospital Kendi?",
                "text":"Anim pariatur cliche reprehenderit, enim eiusmod high life accusamus terry richardson ad squid. 3 wolf moon officia aute, non cupidatat skateboard dolor brunch."
            },
            {
                "title":"Does White Plains Hospital Kendi Offer Telehealth ?",
                "text":"Anim pariatur cliche reprehenderit, enim eiusmod high life accusamus terry richardson ad squid. 3 wolf moon officia aute, non cupidatat skateboard dolor brunch."
            },
            {
                "title":"Can I make an appointment online with White Plains Hospital Kendi?",
                "text":"Anim pariatur cliche reprehenderit, enim eiusmod high life accusamus terry richardson ad squid. 3 wolf moon officia aute, non cupidatat skateboard dolor brunch."
            }
        ]
    }
]