[
    {
        "id": 1,
        "author": [
            1
        ],
        "comment": "It is a long established fact that a reader will be distracted by the readable content of a page when looking at its layout.Lorem ipsum dolor sit amet consectetur adipisicing elit."
    },
    {
        "id": 2,
        "author": [
            2
        ],
        "comment": "It is a long established fact that a reader will be distracted by the readable content of a page when looking at its layout.Lorem ipsum dolor sit amet consectetur adipisicing elit."
    },
    {
        "id": 3,
        "author": [
            4
        ],
        "comment": "It is a long established fact that a reader will be distracted by the readable content of a page when looking at its layout.Lorem ipsum dolor sit amet consectetur adipisicing elit."
    }
]